"eta","max_depth","gamma","colsample_bytree","min_child_weight","subsample","nrounds","mae_valid_mean","mae_valid_sd"
0.05,8,0,0.75,20,0.75,1000,95354882.7865739,545668.638180691
0.05,8,0.01,0.75,20,0.75,1000,95356002.5535075,745561.580496546
0.05,8,0.001,0.75,20,0.75,1000,95358718.0738462,465583.621775887
0.05,8,0.01,0.66,20,0.75,1000,95503633.8376735,684537.673802465
0.05,8,0.001,0.66,20,0.75,1000,95592699.4985948,749681.536542097
0.05,8,0,0.66,20,0.75,1000,95681027.9357087,388266.815004591
0.05,8,0.001,0.75,20,0.66,1000,95864785.5585775,513510.737440967
0.05,8,0,0.75,20,0.66,1000,95919856.2530833,608728.732322088
0.05,8,0.01,0.75,20,0.66,1000,95961602.0861271,379579.988974704
0.05,8,0,0.66,20,0.66,1000,96015003.4704232,682332.024613856
0.05,8,0.01,0.66,20,0.66,1000,96053072.7413016,490165.865603732
0.05,8,0.001,0.66,20,0.66,1000,96130722.7280159,491197.565784749
0.05,8,0.01,0.75,40,0.75,1000,98641652.7419379,636641.482604685
0.05,8,0.001,0.66,40,0.75,1000,98675538.1333746,763999.747506472
0.05,8,0,0.75,40,0.75,1000,98727812.0835461,611965.769997014
0.05,8,0.001,0.75,40,0.75,1000,98781938.0087022,800168.009952614
0.05,8,0,0.66,40,0.75,1000,98968841.4008297,565932.49083055
0.05,8,0.01,0.66,40,0.75,1000,99092928.2397295,710007.775553564
0.05,8,0.01,0.75,40,0.66,1000,99230512.586732,605145.689819678
0.05,8,0.001,0.75,40,0.66,1000,99330309.1128272,647946.902798733
0.05,8,0,0.66,40,0.66,1000,99444318.735693,403551.677975273
0.05,8,0,0.75,40,0.66,1000,99506581.229911,806116.124408247
0.05,8,0.01,0.66,40,0.66,1000,99514726.5116449,557419.334426383
0.05,8,0.001,0.66,40,0.66,1000,99583670.4152541,585453.512692838
0.05,8,0.001,0.75,20,0.75,500,101065940.61296,570988.171570106
0.05,8,0,0.75,20,0.75,500,101115840.434201,679160.191274452
0.05,8,0.01,0.75,20,0.75,500,101209426.47992,685555.827924341
0.05,8,0.001,0.66,20,0.75,500,101414826.771592,682762.463610093
0.05,8,0,0.66,20,0.75,500,101528727.261965,390159.871021858
0.05,8,0.01,0.66,20,0.75,500,101535488.488523,631147.164400892
0.05,8,0,0.75,20,0.66,500,101612642.823528,586243.673749107
0.05,8,0.001,0.75,20,0.66,500,101846413.34726,577707.221091768
0.05,8,0.01,0.75,20,0.66,500,101870839.232335,350628.84798809
0.05,8,0.01,0.66,20,0.66,500,101871314.612978,646554.885897835
0.05,8,0.001,0.66,20,0.66,500,101978813.486677,566438.101262606
0.05,8,0,0.66,20,0.66,500,101988433.393657,484900.657836209
0.05,8,0.1,0.75,20,0.66,1000,103788317.173726,845646.647395905
0.05,8,0.1,0.66,20,0.66,1000,104036409.586705,724935.746124325
0.05,8,0,0.75,40,0.75,500,104141848.482815,653390.289762341
0.05,8,0.01,0.75,40,0.75,500,104164251.098698,1076122.83279815
0.05,8,0.001,0.75,40,0.75,500,104252735.828075,1007994.86144481
0.05,8,0,0.66,40,0.75,500,104416197.186704,758150.935651731
0.05,8,0.001,0.66,40,0.75,500,104486352.028023,496664.721423466
0.05,8,0.01,0.66,40,0.75,500,104617213.784288,742920.162249076
0.05,8,0.01,0.66,40,0.66,500,104716480.264364,919268.076364321
0.05,8,0.1,0.75,20,0.75,1000,104768640.763688,745759.199781341
0.05,8,0,0.75,40,0.66,500,104805850.633512,907239.373121625
0.05,8,0.1,0.66,20,0.75,1000,104843971.872758,616082.434372499
0.05,8,0.1,0.75,40,0.66,1000,104924267.235147,755787.53216534
0.05,8,0.01,0.75,40,0.66,500,104932681.650264,823086.797212461
0.05,8,0.001,0.75,40,0.66,500,104952725.155278,908170.596569696
0.05,8,0,0.66,40,0.66,500,104960225.832736,747078.388296292
0.05,8,0.001,0.66,40,0.66,500,105121496.70728,924292.719335734
0.05,8,0.1,0.66,40,0.66,1000,105288302.387665,566797.392666572
0.05,8,0.1,0.75,20,0.66,500,105387408.779752,652783.302394529
0.05,8,0.1,0.66,20,0.66,500,105418370.42576,767055.93141961
0.05,8,0.1,0.75,40,0.75,1000,105809617.459404,837517.900197926
0.05,8,0.1,0.75,20,0.75,500,105888332.688434,778526.966427029
0.05,8,0.1,0.66,40,0.75,1000,106022458.146931,772399.678546095
0.05,8,0.1,0.66,20,0.75,500,106228729.357751,468920.686929136
0.05,8,0.1,0.75,40,0.66,500,106832268.273667,1102887.1563104
0.05,8,0.1,0.66,40,0.66,500,106967275.446337,952941.629100716
0.05,8,0.1,0.75,40,0.75,500,107278147.995386,867797.767617421
0.05,8,0,0.75,20,0.75,250,107376875.933776,1054076.48074518
0.05,8,0.01,0.75,20,0.75,250,107491961.537417,853062.062270059
0.05,8,0.1,0.66,40,0.75,500,107513691.593497,965418.934346782
0.05,8,0,0.66,20,0.75,250,107537183.901879,887492.872762365
0.05,8,0.001,0.75,20,0.75,250,107552107.861301,692147.424542727
0.05,8,0.01,0.66,20,0.75,250,107555881.252582,704426.529870693
0.05,8,0.001,0.66,20,0.75,250,107600805.547334,860339.786299878
0.05,8,0,0.75,20,0.66,250,107956687.517555,744081.839675616
0.05,8,0.001,0.66,20,0.66,250,108011492.640561,693049.697966891
0.05,8,0.01,0.66,20,0.66,250,108116395.752829,1009966.69418505
0.05,8,0.001,0.75,20,0.66,250,108184666.671069,921324.847294307
0.05,8,0,0.66,20,0.66,250,108195328.793882,790992.794675003
0.05,8,0.01,0.75,20,0.66,250,108236719.510206,832083.14016447
0.05,8,0.1,0.66,20,0.75,250,108445260.432379,972327.043458513
0.05,8,0.1,0.75,20,0.66,250,108465687.664827,996920.124966465
0.05,8,0.1,0.75,20,0.75,250,108502583.812101,780050.41055656
0.05,8,0.1,0.66,20,0.66,250,108575383.383178,1128828.27694194
0.01,8,0.001,0.66,20,0.75,1000,108831533.356061,877279.523657851
0.01,8,0.01,0.66,20,0.75,1000,108916445.675426,946113.833499819
0.01,8,0.001,0.75,20,0.75,1000,108973791.966812,888952.930551387
0.01,8,0,0.66,20,0.75,1000,109013672.365638,869666.206081564
0.01,8,0,0.75,20,0.75,1000,109018185.679899,961186.2435308
0.01,8,0.01,0.75,20,0.75,1000,109067693.958461,869360.945009873
0.01,8,0.1,0.66,20,0.75,1000,109330059.763531,816312.24578051
0.01,8,0.1,0.75,20,0.75,1000,109354784.424718,972839.723019823
0.01,8,0.01,0.75,20,0.66,1000,109418266.721068,886054.871618873
0.01,8,0.001,0.66,20,0.66,1000,109467160.834598,702845.562422474
0.01,8,0,0.75,20,0.66,1000,109494478.574854,896236.248140231
0.01,8,0.001,0.75,20,0.66,1000,109497821.36883,874823.978611887
0.01,8,0,0.66,20,0.66,1000,109503891.786424,907316.788524903
0.01,8,0.01,0.66,20,0.66,1000,109554357.39499,948555.6384869
0.01,8,0.1,0.66,20,0.66,1000,109749527.380446,839776.141038726
0.05,8,0.01,0.66,40,0.75,250,109781507.939959,789778.068905395
0.01,8,0.1,0.75,20,0.66,1000,109796235.79205,875521.910164517
0.05,8,0.001,0.66,40,0.75,250,109804091.39002,869467.145827419
0.05,8,0,0.66,40,0.75,250,109822637.224029,862409.554772257
0.05,8,0,0.75,40,0.75,250,109847140.669422,1298355.3301976
0.05,8,0.1,0.75,40,0.75,250,110120733.696187,840953.41321477
0.05,8,0.001,0.75,40,0.75,250,110130216.695374,1037719.8966803
0.05,8,0.001,0.75,40,0.66,250,110189962.280774,1080492.14518983
0.05,8,0.01,0.75,40,0.75,250,110261023.333198,842073.970251995
0.05,8,0.1,0.66,40,0.75,250,110262888.078162,775079.551016372
0.05,8,0,0.66,40,0.66,250,110272596.4925,798540.200198761
0.05,8,0.01,0.75,40,0.66,250,110304159.987779,967565.375014426
0.05,8,0.01,0.66,40,0.66,250,110539552.366662,637449.169178832
0.05,8,0.001,0.66,40,0.66,250,110572906.882896,1056659.16666156
0.05,8,0,0.75,40,0.66,250,110654636.245667,1028372.00792414
0.05,8,0.1,0.75,40,0.66,250,110681572.846114,944781.65582497
0.05,8,0.1,0.66,40,0.66,250,110775814.460912,1093894.46021882
0.01,8,0.01,0.66,40,0.75,1000,111156568.617438,931540.380312832
0.01,8,0.001,0.66,40,0.75,1000,111173899.23271,834316.737301779
0.01,8,0.01,0.75,40,0.75,1000,111187680.245062,990508.084612426
0.01,8,0,0.66,40,0.75,1000,111294173.030947,1009208.44795384
0.01,8,0.1,0.66,40,0.75,1000,111296086.573643,871832.852334752
0.01,8,0,0.75,40,0.75,1000,111349050.742886,985709.623660314
0.01,8,0.001,0.75,40,0.75,1000,111382984.11114,999101.59272565
0.01,8,0.1,0.75,40,0.75,1000,111389987.828327,844782.703182288
0.01,8,0.01,0.75,40,0.66,1000,111741451.455223,880454.810595987
0.01,8,0.001,0.66,40,0.66,1000,111753418.913162,873637.931991789
0.01,8,0,0.75,40,0.66,1000,111771412.453704,904181.267779213
0.01,8,0.01,0.66,40,0.66,1000,111858063.727678,906706.199143248
0.01,8,0,0.66,40,0.66,1000,111863200.375749,982123.585789428
0.01,8,0.1,0.75,40,0.66,1000,111867661.334933,896931.183574329
0.01,8,0.001,0.75,40,0.66,1000,111895209.767055,899272.517388183
0.01,8,0.1,0.66,40,0.66,1000,111936333.355176,831842.040858511
0.05,4,0.01,0.75,20,0.75,1000,115642537.919748,819756.04111536
0.05,4,0,0.75,20,0.75,1000,115735254.192216,1294899.06668408
0.05,4,0.001,0.75,20,0.75,1000,115777656.114064,939833.501720834
0.01,8,0,0.66,20,0.75,500,115908044.734149,831585.728438244
0.05,4,0,0.75,20,0.66,1000,115924653.22813,1106055.29226018
0.05,4,0.001,0.75,20,0.66,1000,115944846.914322,919165.230125366
0.05,4,0.1,0.75,20,0.66,1000,115955276.522604,948260.053765209
0.01,8,0.01,0.66,20,0.75,500,115968023.238199,825503.410796529
0.01,8,0.001,0.66,20,0.75,500,115974667.918702,852712.400938459
0.05,4,0.01,0.75,20,0.66,1000,116014351.935099,890215.501580121
0.05,4,0.001,0.66,20,0.75,1000,116041866.270414,1019498.27051199
0.01,8,0,0.75,20,0.75,500,116050494.149849,931043.577058288
0.01,8,0.01,0.75,20,0.75,500,116062847.00946,920196.346970854
0.05,4,0.01,0.66,20,0.75,1000,116075167.640757,998037.404554836
0.01,8,0.001,0.75,20,0.75,500,116101926.021668,946778.1508586
0.01,8,0.1,0.75,20,0.75,500,116141415.79193,844661.582020686
0.05,4,0.1,0.75,20,0.75,1000,116149579.20657,985229.645315467
0.05,4,0,0.66,20,0.75,1000,116180466.144802,907389.419199592
0.05,4,0.001,0.66,20,0.66,1000,116207561.096418,928518.059486359
0.05,4,0,0.66,20,0.66,1000,116233108.478184,908101.62516008
0.01,8,0.1,0.66,20,0.75,500,116262004.034086,975750.080568083
0.05,4,0.01,0.75,40,0.75,1000,116275881.404566,1133787.14756285
0.05,4,0.1,0.66,20,0.66,1000,116296678.896318,927154.664953818
0.05,4,0.01,0.66,20,0.66,1000,116376481.040218,906188.803566501
0.01,8,0,0.66,20,0.66,500,116448640.909634,733317.717395131
0.05,4,0.1,0.66,20,0.75,1000,116448795.812473,1155057.47423041
0.05,4,0,0.75,40,0.75,1000,116448869.061234,974489.347651082
0.01,8,0.01,0.75,20,0.66,500,116469004.982842,741775.534227842
0.01,8,0.01,0.66,20,0.66,500,116473698.857824,855314.338857392
0.05,4,0.1,0.75,40,0.66,1000,116476373.23171,1135990.00693081
0.01,8,0.001,0.75,20,0.66,500,116485094.878003,860353.734741258
0.05,4,0.001,0.75,40,0.66,1000,116490460.080559,971845.458873373
0.01,8,0.1,0.75,20,0.66,500,116494494.02275,767786.151502153
0.01,8,0,0.75,20,0.66,500,116500360.403011,942450.569216636
0.01,8,0.001,0.66,20,0.66,500,116523023.851613,673971.161250463
0.05,4,0.001,0.75,40,0.75,1000,116524783.806516,917962.113409622
0.05,4,0,0.75,40,0.66,1000,116527781.045166,1015668.63831773
0.05,4,0.001,0.66,40,0.75,1000,116549554.629513,883161.391945606
0.05,4,0.01,0.66,40,0.75,1000,116575154.888219,1057047.80014933
0.05,4,0.1,0.75,40,0.75,1000,116581458.634225,941739.240932763
0.01,8,0.1,0.66,20,0.66,500,116584056.131415,755945.500172706
0.05,4,0.01,0.75,40,0.66,1000,116683093.079674,749102.148322795
0.05,4,0.01,0.66,40,0.66,1000,116778630.973205,1094171.12777936
0.05,4,0,0.66,40,0.75,1000,116792460.596973,1202939.13462587
0.05,4,0.1,0.66,40,0.75,1000,116860523.901411,1111263.86827972
0.05,4,0.1,0.66,40,0.66,1000,116882318.641091,1008113.78147771
0.05,4,0.001,0.66,40,0.66,1000,116929779.105671,1068853.20248779
0.05,4,0,0.66,40,0.66,1000,116983772.250669,979512.121147248
0.01,8,0.001,0.66,40,0.75,500,117786371.996166,821755.203772216
0.01,8,0.01,0.66,40,0.75,500,117852480.471377,710899.082944005
0.01,8,0.001,0.75,40,0.75,500,117866275.543841,887595.668379029
0.01,8,0,0.66,40,0.75,500,117937278.149908,876670.248923334
0.01,8,0,0.75,40,0.75,500,117950231.153258,792417.402763496
0.01,8,0.01,0.75,40,0.75,500,117968413.275323,841145.856524523
0.01,8,0.1,0.75,40,0.75,500,118020575.260395,745118.074251729
0.01,8,0.1,0.66,40,0.75,500,118045300.951503,928608.687477861
0.01,8,0,0.66,40,0.66,500,118360317.600812,793344.721114281
0.01,8,0,0.75,40,0.66,500,118389981.259454,943955.093708582
0.01,8,0.01,0.75,40,0.66,500,118415662.792061,987191.060223791
0.01,8,0.001,0.66,40,0.66,500,118459386.218826,756414.44665689
0.01,8,0.001,0.75,40,0.66,500,118478631.62318,885712.974372515
0.01,8,0.1,0.66,40,0.66,500,118489842.145496,1047288.68972469
0.01,8,0.01,0.66,40,0.66,500,118505859.458028,886325.666102325
0.01,8,0.1,0.75,40,0.66,500,118513514.352846,878680.253387711
0.05,4,0.1,0.75,20,0.75,500,121862497.560121,960223.035060608
0.05,4,0.01,0.75,20,0.75,500,121892180.79789,950900.877753564
0.05,4,0.01,0.75,20,0.66,500,121955372.396615,1045363.50773746
0.05,4,0,0.75,20,0.75,500,121970613.297115,1264827.37954219
0.05,4,0.001,0.75,20,0.75,500,121984710.335886,1038327.35353355
0.05,4,0.1,0.75,20,0.66,500,122015155.29266,1159898.45197262
0.05,4,0,0.75,20,0.66,500,122027881.504592,1137183.81788102
0.05,4,0.001,0.75,20,0.66,500,122039114.839124,1038753.76738815
0.05,4,0.01,0.66,20,0.75,500,122143086.247687,1349471.65764418
0.05,4,0.001,0.66,20,0.75,500,122147230.583918,1076036.12250029
0.05,4,0.1,0.75,40,0.75,500,122234869.91315,1119786.97391764
0.05,4,0.01,0.75,40,0.66,500,122249880.048651,968136.244961527
0.05,4,0,0.66,20,0.75,500,122285165.005421,1041120.03123301
0.05,4,0,0.66,20,0.66,500,122286108.402474,1141482.01570061
0.05,4,0.001,0.75,40,0.75,500,122340462.692115,1060194.37971068
0.05,4,0,0.75,40,0.66,500,122342026.436518,1118391.9600588
0.05,4,0,0.75,40,0.75,500,122343289.157122,1218068.50006262
0.05,4,0.01,0.75,40,0.75,500,122361945.618049,1227521.70100369
0.05,4,0.001,0.75,40,0.66,500,122394710.741882,1242816.86147795
0.05,4,0.01,0.66,20,0.66,500,122419036.790256,1201682.54346224
0.05,4,0.001,0.66,20,0.66,500,122492384.280183,1230188.95364939
0.05,4,0,0.66,40,0.75,500,122502724.498925,1228732.94747139
0.05,4,0.1,0.66,20,0.75,500,122511895.888542,992936.493165729
0.05,4,0.001,0.66,40,0.75,500,122515650.192674,1168115.20487908
0.05,4,0.1,0.75,40,0.66,500,122574117.465426,1194825.15369117
0.05,4,0.01,0.66,40,0.75,500,122576304.81374,1000444.00210274
0.05,4,0.01,0.66,40,0.66,500,122583936.570222,1172345.46969769
0.05,4,0.1,0.66,20,0.66,500,122593429.752378,1277129.32836423
0.05,4,0,0.66,40,0.66,500,122629611.557399,1020716.94809497
0.05,4,0.001,0.66,40,0.66,500,122641632.036917,921485.497848983
0.05,4,0.1,0.66,40,0.75,500,122700914.897234,1091483.26672418
0.05,4,0.1,0.66,40,0.66,500,122780436.173962,1256572.90070701
0.05,4,0.1,0.75,40,0.66,250,128176732.138442,945542.319723957
0.05,4,0,0.75,20,0.66,250,128209921.193982,1084876.69314163
0.05,4,0,0.75,20,0.75,250,128282610.264017,1360406.3116047
0.05,4,0,0.75,40,0.75,250,128347628.008312,1156530.36830043
0.05,4,0.001,0.75,20,0.75,250,128349390.493455,961264.645060364
0.05,4,0.01,0.75,20,0.66,250,128352165.403783,1217462.33540886
0.05,4,0.001,0.75,40,0.66,250,128394570.763873,1095014.46335385
0.05,4,0.001,0.75,20,0.66,250,128401075.734834,1109941.15236655
0.05,4,0.01,0.75,20,0.75,250,128425326.484102,1281094.77346768
0.05,4,0.001,0.66,20,0.66,250,128429087.516669,1096322.91101365
0.05,4,0.1,0.75,20,0.75,250,128446383.769581,1334798.14793278
0.05,4,0.01,0.66,40,0.75,250,128477932.964455,1409137.61842299
0.05,4,0.01,0.75,40,0.66,250,128485672.922706,1190566.03879098
0.05,4,0.001,0.75,40,0.75,250,128486975.94227,1297906.23623146
0.05,4,0,0.66,20,0.75,250,128502172.645843,1137646.55717855
0.05,4,0.01,0.75,40,0.75,250,128521598.503222,1308407.6138758
0.05,4,0.1,0.75,40,0.75,250,128529718.683179,1168894.18100931
0.05,4,0.001,0.66,20,0.75,250,128540824.339814,1109754.30587092
0.05,4,0.1,0.75,20,0.66,250,128545363.706601,998159.043420206
0.05,4,0,0.75,40,0.66,250,128555914.10003,1296245.01222827
0.05,4,0,0.66,20,0.66,250,128580413.349261,1086313.51271991
0.05,4,0,0.66,40,0.75,250,128597944.017049,1386764.06925311
0.05,4,0.1,0.66,20,0.66,250,128616741.903719,1181583.21706836
0.05,4,0.1,0.66,20,0.75,250,128659497.675141,1122370.44328107
0.05,4,0.01,0.66,20,0.75,250,128720987.23098,1250030.07183446
0.05,4,0.001,0.66,40,0.75,250,128731151.441181,1041977.04009641
0.05,4,0,0.66,40,0.66,250,128753102.6396,865938.217389667
0.05,4,0.1,0.66,40,0.66,250,128799835.206324,1140756.89031181
0.05,4,0.01,0.66,20,0.66,250,128918848.548791,1119055.41980979
0.05,4,0.1,0.66,40,0.75,250,128922460.755057,1023059.22764948
0.05,4,0.001,0.66,40,0.66,250,128969401.59047,1218615.14131238
0.05,4,0.01,0.66,40,0.66,250,129004776.74053,1104864.15840102
0.01,8,0.001,0.75,20,0.75,250,129555058.081038,752076.666422588
0.01,8,0.01,0.75,20,0.75,250,129581777.736274,746806.869635769
0.01,8,0,0.75,20,0.75,250,129622794.333437,779311.025920249
0.01,8,0.1,0.75,20,0.75,250,129690426.981122,662792.876769797
0.01,8,0.01,0.75,20,0.66,250,129750123.793908,788135.401748282
0.01,8,0,0.75,20,0.66,250,129768302.934209,823387.650569885
0.01,8,0.001,0.75,20,0.66,250,129787510.791684,896120.671334757
0.01,8,0.1,0.75,20,0.66,250,129904009.463627,923637.748692004
0.01,8,0.01,0.66,20,0.75,250,129932011.480569,1026226.90032132
0.01,8,0.1,0.66,20,0.75,250,129988120.354838,859564.939219553
0.01,8,0.001,0.66,20,0.75,250,130120231.178607,825574.966464929
0.01,8,0,0.66,20,0.75,250,130198956.842855,757440.016531796
0.01,8,0.01,0.66,20,0.66,250,130301283.55825,670862.604098165
0.01,8,0,0.66,20,0.66,250,130338725.882653,994382.469723582
0.01,4,0.001,0.75,20,0.75,1000,130367607.209974,1097960.42718772
0.01,8,0.001,0.66,20,0.66,250,130367799.90132,990631.418731491
0.01,4,0,0.75,20,0.66,1000,130391747.413751,1024381.22610794
0.01,4,0.1,0.75,20,0.66,1000,130396205.505205,1049565.7153794
0.01,8,0.1,0.66,20,0.66,250,130399723.937597,925871.99807296
0.01,4,0.001,0.75,20,0.66,1000,130441210.684236,1047037.36559138
0.01,4,0.01,0.75,20,0.75,1000,130448623.284321,1041756.1207968
0.01,4,0.1,0.75,20,0.75,1000,130469209.997717,1116458.63443311
0.01,4,0.01,0.75,20,0.66,1000,130525354.518649,1139329.65100308
0.01,4,0.001,0.66,20,0.66,1000,130580119.659227,1063171.96884769
0.01,4,0,0.75,20,0.75,1000,130597004.155634,1015226.46853675
0.01,4,0.01,0.75,40,0.66,1000,130606241.978087,1240680.7914877
0.01,4,0.01,0.66,20,0.75,1000,130633265.706667,1132631.72580509
0.01,4,0,0.66,20,0.66,1000,130636625.189221,1216138.56968578
0.01,4,0.01,0.66,20,0.66,1000,130641960.382378,1191138.20190951
0.01,4,0.1,0.66,20,0.75,1000,130644035.891073,1077354.62989532
0.01,4,0,0.66,20,0.75,1000,130645826.321925,1218040.12055484
0.01,4,0.001,0.75,40,0.66,1000,130646748.950098,1253179.72087393
0.01,4,0,0.75,40,0.75,1000,130659072.840698,1197097.72194762
0.01,4,0.01,0.75,40,0.75,1000,130662794.830322,1172771.71610081
0.01,4,0.1,0.75,40,0.66,1000,130664459.879726,1158224.17803675
0.01,4,0,0.75,40,0.66,1000,130685186.317906,1135369.89527268
0.01,4,0.001,0.75,40,0.75,1000,130706590.499633,1043418.93059617
0.01,4,0.1,0.75,40,0.75,1000,130706955.530313,1067677.8352076
0.01,4,0.001,0.66,20,0.75,1000,130713188.077088,1105788.42542912
0.01,8,0,0.75,40,0.75,250,130716551.182747,929192.893997935
0.01,4,0.1,0.66,20,0.66,1000,130725945.159008,1151872.90787593
0.01,4,0.01,0.66,40,0.66,1000,130773738.284962,1149018.8636013
0.01,4,0.01,0.66,40,0.75,1000,130786781.699946,1204125.70706535
0.01,4,0,0.66,40,0.75,1000,130790301.481047,1095476.1496015
0.01,4,0.001,0.66,40,0.75,1000,130795325.975387,1094635.78805679
0.01,4,0.1,0.66,40,0.75,1000,130825010.369304,1126979.11325585
0.01,4,0,0.66,40,0.66,1000,130845585.990288,1068058.34841059
0.01,4,0.1,0.66,40,0.66,1000,130846238.997342,1035953.54242567
0.01,4,0.001,0.66,40,0.66,1000,130847644.787568,1188786.00580001
0.01,8,0.001,0.75,40,0.75,250,130848266.881474,868984.921320621
0.01,8,0.1,0.75,40,0.75,250,130924643.292195,679911.954394682
0.01,8,0.01,0.75,40,0.75,250,131022875.796344,949642.189701035
0.01,8,0,0.75,40,0.66,250,131083072.88278,778043.308623095
0.01,8,0.001,0.75,40,0.66,250,131231022.365242,833610.116519988
0.01,8,0,0.66,40,0.75,250,131273781.194894,952728.566438068
0.01,8,0.01,0.75,40,0.66,250,131344441.191619,744037.929169172
0.01,8,0.1,0.75,40,0.66,250,131347341.709386,853538.078193469
0.01,8,0.001,0.66,40,0.75,250,131362265.062216,738175.526900144
0.01,8,0.1,0.66,40,0.75,250,131458551.098673,928957.393784699
0.01,8,0.01,0.66,40,0.75,250,131477974.245792,899323.045229267
0.01,8,0.01,0.66,40,0.66,250,131674749.218873,657109.518429599
0.01,8,0,0.66,40,0.66,250,131716048.452841,1025982.21632613
0.01,8,0.001,0.66,40,0.66,250,131733229.413024,857412.793232137
0.01,8,0.1,0.66,40,0.66,250,131751992.148761,904407.816021662
0.05,2,0.1,0.75,40,0.66,1000,134246278.056556,1186126.32014898
0.05,2,0.1,0.75,20,0.66,1000,134259010.536966,1164699.43757318
0.05,2,0,0.75,20,0.75,1000,134287659.196592,1350058.93679709
0.05,2,0,0.75,20,0.66,1000,134382580.292292,1154517.45775956
0.05,2,0.01,0.66,20,0.66,1000,134418905.860837,1205071.08272172
0.05,2,0,0.75,40,0.75,1000,134431354.441095,1335010.39608993
0.05,2,0.001,0.75,40,0.66,1000,134432447.59823,1275403.66553682
0.05,2,0.1,0.66,20,0.66,1000,134464762.591412,1225207.76958064
0.05,2,0,0.75,40,0.66,1000,134478875.935358,1303517.83058097
0.05,2,0.01,0.75,20,0.66,1000,134495017.676755,1188271.43654915
0.05,2,0,0.66,20,0.66,1000,134565645.344642,1511752.10321866
0.05,2,0.001,0.75,20,0.66,1000,134573548.506038,1547699.76605326
0.05,2,0.001,0.66,20,0.75,1000,134585916.751284,1367279.58181944
0.05,2,0.01,0.75,20,0.75,1000,134603437.598137,1123083.72036198
0.05,2,0.1,0.75,20,0.75,1000,134630661.425818,1248173.77397363
0.05,2,0.01,0.75,40,0.66,1000,134631034.776644,1527653.20222711
0.05,2,0,0.66,40,0.66,1000,134643740.691122,1575658.54274643
0.05,2,0.001,0.75,20,0.75,1000,134644738.454945,1342297.46284533
0.05,2,0.1,0.66,40,0.66,1000,134656434.620525,1230735.74308589
0.05,2,0.01,0.75,40,0.75,1000,134670003.195776,1193551.89688727
0.05,2,0.001,0.66,40,0.66,1000,134676290.069232,1360844.7139769
0.05,2,0.1,0.66,20,0.75,1000,134682177.101149,1310764.71686774
0.05,2,0.001,0.75,40,0.75,1000,134696449.650584,1492636.12798686
0.05,2,0,0.66,40,0.75,1000,134712497.316468,1505482.76562322
0.05,2,0,0.66,20,0.75,1000,134760348.896869,1407858.35927014
0.05,2,0.1,0.75,40,0.75,1000,134770171.576082,1152159.18720143
0.05,2,0.001,0.66,20,0.66,1000,134801326.845502,1375255.37958634
0.05,2,0.01,0.66,20,0.75,1000,134825558.73035,1077896.96655939
0.05,2,0.001,0.66,40,0.75,1000,134834613.94679,1354870.33110308
0.05,2,0.1,0.66,40,0.75,1000,134835944.323488,1311542.1413186
0.05,2,0.01,0.66,40,0.66,1000,134849313.930284,1389347.34089346
0.05,2,0.01,0.66,40,0.75,1000,134882369.642076,1543763.64386627
0.01,4,0,0.75,20,0.66,500,138334629.988617,868504.783621832
0.01,4,0.001,0.75,20,0.75,500,138381093.280838,1030754.71188026
0.01,4,0.01,0.75,20,0.66,500,138424650.331046,1056465.02225435
0.01,4,0.1,0.75,20,0.66,500,138444308.586222,947819.293278968
0.01,4,0.01,0.75,20,0.75,500,138462436.998371,974964.435747304
0.01,4,0.1,0.75,20,0.75,500,138496925.861826,1016860.26590202
0.01,4,0.001,0.75,20,0.66,500,138548735.350096,861709.19778877
0.01,4,0,0.75,40,0.66,500,138557444.588562,865655.760556967
0.01,4,0,0.75,20,0.75,500,138564318.989355,1106330.06759574
0.01,4,0.1,0.75,40,0.66,500,138573823.644045,786920.878098354
0.01,4,0.1,0.66,20,0.75,500,138600979.774968,887437.530589176
0.01,4,0.01,0.66,20,0.66,500,138612072.892841,1001076.59377504
0.01,4,0.001,0.75,40,0.66,500,138618266.74909,987040.118865614
0.01,4,0,0.75,40,0.75,500,138620550.062102,968943.513299973
0.01,4,0.001,0.75,40,0.75,500,138654103.707496,941002.748580404
0.01,4,0.01,0.75,40,0.66,500,138659014.945511,1115493.46300427
0.01,4,0.01,0.75,40,0.75,500,138672342.239148,1097976.07666323
0.01,4,0.1,0.75,40,0.75,500,138690926.849114,1015905.75571345
0.01,4,0.001,0.66,20,0.75,500,138704397.286301,1036177.09853546
0.01,4,0.001,0.66,40,0.66,500,138715853.634775,1047844.75758321
0.01,4,0.001,0.66,20,0.66,500,138721117.447311,848788.658414526
0.01,4,0.1,0.66,20,0.66,500,138722161.666486,1007386.92719116
0.01,4,0,0.66,20,0.75,500,138743321.871825,994122.859982378
0.01,4,0.1,0.66,40,0.75,500,138759002.345669,1104281.26598342
0.01,4,0,0.66,20,0.66,500,138761585.81576,1056454.6811711
0.01,4,0.1,0.66,40,0.66,500,138765361.631634,1097447.04859494
0.01,4,0,0.66,40,0.75,500,138776330.204236,981469.132452953
0.01,4,0.01,0.66,40,0.75,500,138781650.747276,1131083.99989587
0.01,4,0.01,0.66,20,0.75,500,138803252.245363,965537.872290855
0.01,4,0.01,0.66,40,0.66,500,138804697.549943,938569.339771608
0.01,4,0,0.66,40,0.66,500,138863140.103265,951424.029329797
0.01,4,0.001,0.66,40,0.75,500,138865297.437208,927164.338147087
0.05,2,0.01,0.75,20,0.66,500,139740319.150236,1029473.99123156
0.05,2,0.1,0.75,40,0.66,500,139771004.87001,1288587.02559237
0.05,2,0,0.75,20,0.66,500,139819779.595817,1185127.43361867
0.05,2,0.001,0.75,20,0.66,500,139857965.843611,1134012.42261614
0.05,2,0,0.75,40,0.66,500,139877742.531722,1281439.63592468
0.05,2,0.01,0.75,40,0.66,500,139951792.680387,1413322.24132318
0.05,2,0.1,0.75,20,0.66,500,139963080.332147,1265281.97274862
0.05,2,0.001,0.75,40,0.66,500,139993127.926671,1272179.57947732
0.05,2,0.001,0.75,20,0.75,500,139994666.958819,1097669.15081
0.05,2,0,0.75,20,0.75,500,140004417.918231,1205612.89156914
0.05,2,0,0.66,40,0.66,500,140044470.062803,1137022.77239829
0.05,2,0.01,0.66,20,0.66,500,140053846.581983,1277617.97267306
0.05,2,0.1,0.66,40,0.66,500,140075672.371486,1284261.08395948
0.05,2,0,0.75,40,0.75,500,140086414.812118,909395.863967773
0.05,2,0.001,0.66,20,0.66,500,140118792.377731,1028165.04624702
0.05,2,0.01,0.75,20,0.75,500,140185370.995037,1241170.60191797
0.05,2,0.01,0.66,40,0.66,500,140213321.694545,1338078.60175526
0.05,2,0.001,0.66,40,0.66,500,140236966.376406,1049672.39981214
0.05,2,0.1,0.66,20,0.66,500,140240590.804049,1186308.92912064
0.05,2,0.1,0.66,20,0.75,500,140295754.498322,1085045.03154095
0.05,2,0.001,0.75,40,0.75,500,140317720.217414,1306641.22275388
0.05,2,0.1,0.75,40,0.75,500,140341656.35832,1091404.86569089
0.05,2,0,0.66,20,0.66,500,140342147.906868,1121967.91257327
0.05,2,0.1,0.75,20,0.75,500,140344085.825318,1030684.54981247
0.05,2,0,0.66,20,0.75,500,140357158.666043,1215997.72909514
0.05,2,0.01,0.75,40,0.75,500,140395940.765938,1166785.33066436
0.05,2,0.01,0.66,40,0.75,500,140422772.084128,1295146.16471001
0.05,2,0.001,0.66,40,0.75,500,140429682.382923,1309789.30206378
0.05,2,0,0.66,40,0.75,500,140484124.032551,1099333.94986284
0.05,2,0.001,0.66,20,0.75,500,140541358.012841,1324237.4670852
0.05,2,0.1,0.66,40,0.75,500,140563651.585602,1252805.17930184
0.05,2,0.01,0.66,20,0.75,500,140603988.079784,1057828.33863841
0.05,2,0.1,0.75,40,0.66,250,146345704.205878,1200218.96940454
0.05,2,0.01,0.75,20,0.66,250,146352840.443167,959942.736619163
0.05,2,0.1,0.75,20,0.66,250,146419617.544166,916093.72234607
0.05,2,0.1,0.66,20,0.66,250,146430165.598611,1154774.43238379
0.05,2,0,0.75,40,0.66,250,146457973.446909,1160415.8081534
0.05,2,0.1,0.75,40,0.75,250,146473966.114004,1015294.46530043
0.05,2,0.001,0.75,40,0.66,250,146475826.49193,1155087.15710431
0.05,2,0.001,0.75,20,0.66,250,146477426.184542,1234699.64167285
0.05,2,0.1,0.75,20,0.75,250,146512700.162494,1283222.38890082
0.05,2,0.001,0.75,20,0.75,250,146555284.632107,1058870.6017937
0.05,2,0.01,0.75,40,0.66,250,146561106.174832,964306.734570171
0.05,2,0,0.75,20,0.66,250,146570677.571975,1085735.84117065
0.05,2,0,0.75,40,0.75,250,146583482.677531,1224207.0465503
0.05,2,0.01,0.66,20,0.66,250,146591177.674315,1029027.2966824
0.05,2,0,0.66,20,0.66,250,146593470.262422,1241589.40208985
0.05,2,0,0.75,20,0.75,250,146597879.195897,1216236.40750252
0.05,2,0,0.66,40,0.66,250,146604126.484505,985664.928546238
0.05,2,0.01,0.75,20,0.75,250,146615042.401572,1070135.47662219
0.05,2,0.001,0.75,40,0.75,250,146626340.697762,1184187.78353459
0.05,2,0.001,0.66,40,0.66,250,146642741.643456,1093715.93178254
0.05,2,0.001,0.66,40,0.75,250,146671625.554563,1260206.24405372
0.05,2,0,0.66,40,0.75,250,146676736.910085,1300809.88894595
0.05,2,0.01,0.66,40,0.66,250,146680018.229846,1164569.78583553
0.05,2,0.001,0.66,20,0.66,250,146687752.426822,1042438.99150484
0.05,2,0.1,0.66,40,0.66,250,146699872.12525,1002923.89503496
0.05,2,0.01,0.75,40,0.75,250,146737564.018344,1172283.04105229
0.05,2,0.001,0.66,20,0.75,250,146739156.311227,1050570.06177191
0.05,2,0,0.66,20,0.75,250,146747612.493207,1035584.48596091
0.05,2,0.1,0.66,20,0.75,250,146790663.116291,1101480.64134412
0.05,2,0.1,0.66,40,0.75,250,146818147.958274,1046133.04778167
0.05,2,0.01,0.66,20,0.75,250,146862269.114936,1082059.22156708
0.05,2,0.01,0.66,40,0.75,250,146865383.762001,936371.572182984
0.01,2,0,0.75,40,0.66,1000,148847583.6375,1161811.22433579
0.01,2,0,0.75,20,0.66,1000,148866942.577107,1075966.32399814
0.01,2,0.1,0.75,20,0.66,1000,148879038.229818,1104126.26689197
0.01,2,0.01,0.75,20,0.66,1000,148880034.192971,1085958.51568771
0.01,2,0.01,0.75,40,0.66,1000,148885206.045769,1165304.90581934
0.01,2,0.001,0.75,40,0.66,1000,148886261.301251,1130076.22977649
0.01,2,0.001,0.75,20,0.66,1000,148904561.862968,1064590.60692856
0.01,2,0.1,0.75,40,0.66,1000,148912068.335894,1157567.48686139
0.01,2,0.1,0.75,20,0.75,1000,148939942.396994,1029254.29720206
0.01,2,0,0.75,20,0.75,1000,148941589.644464,1163038.21918011
0.01,2,0.001,0.75,20,0.75,1000,148976121.919057,1108362.64805052
0.01,2,0.01,0.75,40,0.75,1000,148979853.022339,1048115.19193529
0.01,2,0.1,0.66,20,0.66,1000,148987008.617356,1014168.71139732
0.01,2,0.01,0.75,20,0.75,1000,148991768.233115,1114469.00221064
0.01,2,0,0.75,40,0.75,1000,149001206.745164,1165857.74113964
0.01,2,0,0.66,20,0.66,1000,149006021.160116,1058611.43538235
0.01,2,0.001,0.66,20,0.66,1000,149013044.111555,1138361.87872406
0.01,2,0.001,0.75,40,0.75,1000,149013968.74226,1129512.9362851
0.01,2,0,0.66,40,0.66,1000,149019756.098237,1095346.38061285
0.01,2,0.01,0.66,20,0.66,1000,149023001.751162,1223837.53190914
0.01,2,0.001,0.66,40,0.66,1000,149030921.447092,1108538.46522196
0.01,2,0.1,0.75,40,0.75,1000,149066268.3829,1168721.788173
0.01,2,0.1,0.66,40,0.66,1000,149099576.730207,1102837.36348261
0.01,2,0.01,0.66,20,0.75,1000,149116104.148538,996245.225964165
0.01,2,0.001,0.66,40,0.75,1000,149117022.46959,1089646.62573427
0.01,2,0.01,0.66,40,0.66,1000,149138330.786814,1017665.49080551
0.01,2,0.001,0.66,20,0.75,1000,149141270.827327,1107293.03157251
0.01,2,0.1,0.66,40,0.75,1000,149141819.167947,1001254.25480212
0.01,2,0.1,0.66,20,0.75,1000,149142166.473671,1084019.73610906
0.01,2,0,0.66,20,0.75,1000,149142395.285966,1107102.16759581
0.01,2,0,0.66,40,0.75,1000,149158508.349883,1156787.88014462
0.01,2,0.01,0.66,40,0.75,1000,149194629.901723,1058063.12484935
0.01,4,0,0.75,20,0.66,250,153663097.85327,1025350.02867843
0.01,4,0.1,0.75,20,0.66,250,153689001.22611,953816.535023673
0.01,4,0,0.75,40,0.66,250,153714320.228295,1073230.90191611
0.01,4,0.01,0.75,20,0.66,250,153754008.227367,813225.228607436
0.01,4,0.01,0.75,40,0.66,250,153760131.119144,899949.037765234
0.01,4,0.001,0.75,20,0.66,250,153766447.673618,1193480.97206006
0.01,4,0,0.75,20,0.75,250,153778882.714091,970012.067502752
0.01,4,0.001,0.75,40,0.66,250,153779830.804136,1027085.94444125
0.01,4,0,0.75,40,0.75,250,153784209.092406,911694.69452249
0.01,4,0.001,0.75,20,0.75,250,153785782.600758,1043047.01477262
0.01,4,0.01,0.75,20,0.75,250,153799340.822578,884853.302025802
0.01,4,0.001,0.66,20,0.66,250,153807617.147346,883119.622088984
0.01,4,0.01,0.75,40,0.75,250,153811759.615981,1011198.09550698
0.01,4,0.001,0.75,40,0.75,250,153826056.913981,940919.760660561
0.01,4,0.1,0.66,20,0.66,250,153833564.574462,1225944.66586298
0.01,4,0.1,0.75,20,0.75,250,153840953.198835,916756.567209715
0.01,4,0.1,0.75,40,0.66,250,153841689.643407,893736.838095088
0.01,4,0.1,0.75,40,0.75,250,153855819.661643,870221.169116488
0.01,4,0.001,0.66,20,0.75,250,153877216.652192,1149958.90569734
0.01,4,0.01,0.66,20,0.75,250,153880395.116518,1105987.04838416
0.01,4,0.1,0.66,40,0.75,250,153891568.674355,887302.981694129
0.01,4,0.1,0.66,40,0.66,250,153903891.740405,1004028.19874551
0.01,4,0.01,0.66,40,0.66,250,153911678.607896,977895.741440665
0.01,4,0.1,0.66,20,0.75,250,153916121.963756,1014875.32613393
0.01,4,0.01,0.66,20,0.66,250,153928742.997621,1033119.86565493
0.01,4,0.01,0.66,40,0.75,250,153960467.340108,987175.73912435
0.01,4,0.001,0.66,40,0.66,250,153961890.803816,1021398.77174363
0.01,4,0,0.66,40,0.66,250,153962881.894298,1108127.97970631
0.01,4,0,0.66,20,0.66,250,153983977.399425,1025705.67211409
0.01,4,0,0.66,20,0.75,250,153987286.096834,1214062.4342721
0.01,4,0,0.66,40,0.75,250,154002705.63099,1005328.88093635
0.01,4,0.001,0.66,40,0.75,250,154075478.26767,862410.713301814
0.01,2,0.001,0.75,40,0.66,500,159288075.65806,972004.252043865
0.01,2,0.001,0.75,20,0.66,500,159335864.447321,1044768.42227252
0.01,2,0,0.75,40,0.66,500,159344966.093076,1050765.25110683
0.01,2,0,0.75,20,0.66,500,159358805.551208,997477.723917214
0.01,2,0.01,0.75,20,0.75,500,159361242.683394,1028334.66354433
0.01,2,0.01,0.75,40,0.66,500,159363123.480974,1056687.8378975
0.01,2,0.1,0.75,20,0.66,500,159398774.024971,1021423.1043237
0.01,2,0.1,0.75,20,0.75,500,159409552.428706,1069883.30513526
0.01,2,0.01,0.75,20,0.66,500,159413049.307923,1064907.7154632
0.01,2,0.1,0.75,40,0.66,500,159418980.587439,1066096.2729247
0.01,2,0,0.75,40,0.75,500,159439323.34613,960853.372776618
0.01,2,0.01,0.75,40,0.75,500,159454490.107031,911297.457093408
0.01,2,0,0.66,20,0.66,500,159472941.66929,972936.649746889
0.01,2,0.01,0.66,20,0.66,500,159473331.08553,1048885.75048183
0.01,2,0.1,0.75,40,0.75,500,159482270.785417,1117587.93744647
0.01,2,0,0.75,20,0.75,500,159488465.000968,1057595.47222569
0.01,2,0.001,0.75,40,0.75,500,159513656.015342,1039799.99592208
0.01,2,0,0.66,40,0.75,500,159535093.550915,1035833.39361837
0.01,2,0.1,0.66,40,0.66,500,159542418.174223,1153366.03965481
0.01,2,0.001,0.66,40,0.66,500,159549128.877203,1017358.28252911
0.01,2,0.1,0.66,20,0.66,500,159567554.362694,1044681.331557
0.01,2,0,0.66,40,0.66,500,159580591.222779,976191.353506536
0.01,2,0.001,0.75,20,0.75,500,159583610.046674,1033161.41147904
0.01,2,0.01,0.66,40,0.66,500,159591643.674258,932410.322359076
0.01,2,0.001,0.66,40,0.75,500,159609886.33747,1062816.42262407
0.01,2,0.001,0.66,20,0.75,500,159634043.601265,1038014.58108944
0.01,2,0.1,0.66,20,0.75,500,159660742.658538,1060294.73984354
0.01,2,0,0.66,20,0.75,500,159661803.238434,1155910.08159794
0.01,2,0.001,0.66,20,0.66,500,159662510.6076,1108273.5293131
0.01,2,0.01,0.66,40,0.75,500,159690364.335267,1008695.68658806
0.01,2,0.01,0.66,20,0.75,500,159692831.809028,1062130.80449087
0.01,2,0.1,0.66,40,0.75,500,159696473.412255,1110289.9720168
0.01,2,0.001,0.75,40,0.66,250,174495487.93519,1214145.78730335
0.01,2,0.1,0.75,20,0.66,250,174513663.279724,1245399.07648084
0.01,2,0.01,0.75,40,0.66,250,174562562.168406,1269824.11669128
0.01,2,0.1,0.75,20,0.75,250,174567371.974402,1316072.42112477
0.01,2,0.01,0.75,20,0.66,250,174568949.441889,1260603.75120543
0.01,2,0.01,0.75,40,0.75,250,174610584.493302,1188775.34410938
0.01,2,0,0.75,20,0.66,250,174619932.274987,1313179.54136477
0.01,2,0.01,0.75,20,0.75,250,174646327.717109,1239405.65381671
0.01,2,0.001,0.75,20,0.66,250,174649827.415294,1359977.71745448
0.01,2,0,0.75,40,0.66,250,174665659.274482,1239856.02361696
0.01,2,0.001,0.75,40,0.75,250,174688397.005748,1330738.251435
0.01,2,0.1,0.75,40,0.66,250,174693731.90577,1274540.3715127
0.01,2,0.001,0.75,20,0.75,250,174693857.655905,1340681.38330361
0.01,2,0.1,0.66,40,0.66,250,174695900.839434,1298000.38513945
0.01,2,0.1,0.75,40,0.75,250,174707180.328605,1190448.0344861
0.01,2,0,0.75,20,0.75,250,174713425.9919,1255558.68464718
0.01,2,0.01,0.66,20,0.66,250,174750221.118831,1313463.98694165
0.01,2,0,0.75,40,0.75,250,174758260.59421,1307743.3083105
0.01,2,0.001,0.66,20,0.75,250,174758727.926693,1330960.61382269
0.01,2,0,0.66,40,0.66,250,174761351.21749,1277539.26188072
0.01,2,0.01,0.66,20,0.75,250,174778397.451711,1249812.92724196
0.01,2,0.001,0.66,40,0.66,250,174778757.970987,1308301.23175814
0.01,2,0,0.66,20,0.66,250,174800771.415839,1460599.10006592
0.01,2,0.001,0.66,40,0.75,250,174801295.051751,1389053.46256011
0.01,2,0.01,0.66,40,0.75,250,174804836.920256,1271257.36801396
0.01,2,0,0.66,40,0.75,250,174811339.217268,1264429.11587879
0.01,2,0.1,0.66,20,0.66,250,174825780.687395,1315578.63163448
0.01,2,0.01,0.66,40,0.66,250,174829510.025688,1327109.36035938
0.01,2,0,0.66,20,0.75,250,174836159.838817,1198348.26537889
0.01,2,0.1,0.66,20,0.75,250,174836293.354594,1310998.63525621
0.01,2,0.1,0.66,40,0.75,250,174864176.778055,1386644.95443289
0.01,2,0.001,0.66,20,0.66,250,174889949.895361,1344596.10029325
